database, nucleus, residue, previous, current, next
Wishart1995, C, A, 0.0, 177.8, 0.0
Wishart1995, C, C, 0.0, 174.6, 0.0
Wishart1995, C, E, 0.0, 176.6, 0.0
Wishart1995, C, D, 0.0, 176.3, 0.0
Wishart1995, C, G, 0.0, 174.9, 0.0
Wishart1995, C, F, 0.0, 175.8, 0.0
Wishart1995, C, I, 0.0, 176.4, 0.0
Wishart1995, C, H, 0.0, 174.1, 0.0
Wishart1995, C, K, 0.0, 176.6, 0.0
Wishart1995, C, M, 0.0, 176.3, 0.0
Wishart1995, C, L, 0.0, 177.6, 0.0
Wishart1995, C, N, 0.0, 175.2, 0.0
Wishart1995, C, Q, 0.0, 176.0, 0.0
Wishart1995, C, P, 0.0, 177.3, 1.72
Wishart1995, C, S, 0.0, 174.6, 0.0
Wishart1995, C, R, 0.0, 176.3, 0.0
Wishart1995, C, T, 0.0, 174.7, 0.0
Wishart1995, C, W, 0.0, 176.1, 0.0
Wishart1995, C, V, 0.0, 176.3, 0.0
Wishart1995, C, Y, 0.0, 175.9, 0.0
Wishart1995, CB, A, 0.0, 19.1, 0.0
Wishart1995, CB, C, 0.0, 28.0, 0.0
Wishart1995, CB, E, 0.0, 29.9, 0.0
Wishart1995, CB, D, 0.0, 41.1, 0.0
Wishart1995, CB, G, 0.0, 0.0, 0.0
Wishart1995, CB, F, 0.0, 39.6, 0.0
Wishart1995, CB, I, 0.0, 38.8, 0.0
Wishart1995, CB, H, 0.0, 29.0, 0.0
Wishart1995, CB, K, 0.0, 33.1, 0.0
Wishart1995, CB, M, 0.0, 32.9, 0.0
Wishart1995, CB, L, 0.0, 42.4, 0.0
Wishart1995, CB, N, 0.0, 38.9, 0.0
Wishart1995, CB, Q, 0.0, 29.4, 0.0
Wishart1995, CB, P, 0.0, 32.1, 0.0
Wishart1995, CB, S, 0.0, 63.8, 0.0
Wishart1995, CB, R, 0.0, 30.9, 0.0
Wishart1995, CB, T, 0.0, 69.8, 0.0
Wishart1995, CB, W, 0.0, 29.6, 0.0
Wishart1995, CB, V, 0.0, 32.9, 0.0
Wishart1995, CB, Y, 0.0, 38.8, 0.0
Wishart1995, CA, A, 0.0, 52.5, 0.0
Wishart1995, CA, C, 0.0, 58.2, 0.0
Wishart1995, CA, E, 0.0, 56.6, 0.0
Wishart1995, CA, D, 0.0, 54.2, 0.0
Wishart1995, CA, G, 0.0, 45.1, 0.0
Wishart1995, CA, F, 0.0, 57.7, 0.0
Wishart1995, CA, I, 0.0, 61.1, 0.0
Wishart1995, CA, H, 0.0, 55.0, 0.0
Wishart1995, CA, K, 0.0, 56.2, 0.0
Wishart1995, CA, M, 0.0, 55.4, 0.0
Wishart1995, CA, L, 0.0, 55.1, 0.0
Wishart1995, CA, N, 0.0, 53.1, 0.0
Wishart1995, CA, Q, 0.0, 55.7, 0.0
Wishart1995, CA, P, 0.0, 63.3, 1.95
Wishart1995, CA, S, 0.0, 58.3, 0.0
Wishart1995, CA, R, 0.0, 56.0, 0.0
Wishart1995, CA, T, 0.0, 61.8, 0.0
Wishart1995, CA, W, 0.0, 57.5, 0.0
Wishart1995, CA, V, 0.0, 62.2, 0.0
Wishart1995, CA, Y, 0.0, 57.9, 0.0
Wishart1995, N, A, 0.0, 123.8, 0.0
Wishart1995, N, C, 0.0, 118.8, 0.0
Wishart1995, N, E, 0.0, 120.2, 0.0
Wishart1995, N, D, 0.0, 120.4, 0.0
Wishart1995, N, G, 0.0, 108.8, 0.0
Wishart1995, N, F, 0.0, 120.3, 0.0
Wishart1995, N, I, 0.0, 119.9, 0.0
Wishart1995, N, H, 0.0, 118.2, 0.0
Wishart1995, N, K, 0.0, 120.4, 0.0
Wishart1995, N, M, 0.0, 119.6, 0.0
Wishart1995, N, L, 0.0, 121.8, 0.0
Wishart1995, N, N, 0.0, 118.7, 0.0
Wishart1995, N, Q, 0.0, 119.8, 0.0
Wishart1995, N, P, 0.0, 0.0, -0.97
Wishart1995, N, S, 0.0, 115.7, 0.0
Wishart1995, N, R, 0.0, 120.5, 0.0
Wishart1995, N, T, 0.0, 113.6, 0.0
Wishart1995, N, W, 0.0, 121.3, 0.0
Wishart1995, N, V, 0.0, 119.2, 0.0
Wishart1995, N, Y, 0.0, 120.3, 0.0
Wishart1995, HN, A, 0.0, 8.24, 0.0
Wishart1995, HN, C, 0.0, 8.43, 0.0
Wishart1995, HN, E, 0.0, 8.42, 0.0
Wishart1995, HN, D, 0.0, 8.34, 0.0
Wishart1995, HN, G, 0.0, 8.33, 0.0
Wishart1995, HN, F, 0.0, 8.3, 0.0
Wishart1995, HN, I, 0.0, 8.0, 0.0
Wishart1995, HN, H, 0.0, 8.42, 0.0
Wishart1995, HN, K, 0.0, 8.29, 0.0
Wishart1995, HN, M, 0.0, 8.28, 0.0
Wishart1995, HN, L, 0.0, 8.16, 0.0
Wishart1995, HN, N, 0.0, 8.4, 0.0
Wishart1995, HN, Q, 0.0, 8.32, 0.0
Wishart1995, HN, P, 0.0, 0.0, 0.05
Wishart1995, HN, S, 0.0, 8.31, 0.0
Wishart1995, HN, R, 0.0, 8.23, 0.0
Wishart1995, HN, T, 0.0, 8.15, 0.0
Wishart1995, HN, W, 0.0, 8.25, 0.0
Wishart1995, HN, V, 0.0, 8.03, 0.0
Wishart1995, HN, Y, 0.0, 8.12, 0.0
Wishart1995, HA, A, 0.0, 4.32, 0.0
Wishart1995, HA, C, 0.0, 4.71, 0.0
Wishart1995, HA, E, 0.0, 4.35, 0.0
Wishart1995, HA, D, 0.0, 4.64, 0.0
Wishart1995, HA, G, 0.0, 3.96, 0.0
Wishart1995, HA, F, 0.0, 4.62, 0.0
Wishart1995, HA, I, 0.0, 4.17, 0.0
Wishart1995, HA, H, 0.0, 4.73, 0.0
Wishart1995, HA, K, 0.0, 4.32, 0.0
Wishart1995, HA, M, 0.0, 4.48, 0.0
Wishart1995, HA, L, 0.0, 4.34, 0.0
Wishart1995, HA, N, 0.0, 4.74, 0.0
Wishart1995, HA, Q, 0.0, 4.34, 0.0
Wishart1995, HA, P, 0.0, 4.42, -0.287
Wishart1995, HA, S, 0.0, 4.47, 0.0
Wishart1995, HA, R, 0.0, 4.34, 0.0
Wishart1995, HA, T, 0.0, 4.35, 0.0
Wishart1995, HA, W, 0.0, 4.66, 0.0
Wishart1995, HA, V, 0.0, 4.12, 0.0
Wishart1995, HA, Y, 0.0, 4.55, 0.0
